Skills,Portfolio Link
"Python, Data Engineering, ETL, AWS",https://example.com/data-engineering-portfolio
"DevOps, CI/CD, Docker, Kubernetes",https://example.com/devops-portfolio
"React, JavaScript, Frontend Development",https://example.com/frontend-portfolio
"Java, Spring Boot, Microservices",https://example.com/java-portfolio
"Machine Learning, AI, Data Science",https://example.com/ai-portfolio
"Cloud Infrastructure, AWS, Azure",https://example.com/cloud-portfolio
"Blockchain, Smart Contracts, Solidity",https://example.com/blockchain-portfolio
"Full Stack Development, MERN Stack, Next.js",https://example.com/fullstack-portfolio
"Database Management, SQL, PostgreSQL, MongoDB",https://example.com/database-portfolio
"Big Data, Apache Spark, Hadoop",https://example.com/bigdata-portfolio
"Game Development, Unity, Unreal Engine",https://example.com/gamedev-portfolio
"Mobile App Development, Flutter, React Native",https://example.com/mobile-portfolio
"Embedded Systems, IoT, Raspberry Pi",https://example.com/iot-portfolio
"Computer Vision, Image Processing, OpenCV",https://example.com/computervision-portfolio
"Natural Language Processing, Chatbots, LLMs",https://example.com/nlp-portfolio
"Software Testing, Automation, Selenium",https://example.com/testing-portfolio
"Cybersecurity, Ethical Hacking, Penetration Testing",https://example.com/cybersecurity-portfolio
"Quantum Computing, Cryptography, Qiskit",https://example.com/quantum-portfolio
"Electronics, PCB Design, Circuit Analysis",https://example.com/electronics-portfolio
"Mechanical Engineering, CAD, Simulation",https://example.com/mechanical-portfolio
"Robotics, ROS, Autonomous Systems",https://example.com/robotics-portfolio
"Networking, CCNA, SDN",https://example.com/networking-portfolio
"System Administration, Linux, Windows Server",https://example.com/sysadmin-portfolio
"Space Tech, Aerospace, Satellite Systems",https://example.com/spacetech-portfolio
"Finance, FinTech, Algorithmic Trading",https://example.com/finance-portfolio
"Business Intelligence, Power BI, Tableau",https://example.com/bi-portfolio
"Product Management, Agile, Scrum",https://example.com/productmanagement-portfolio
"Supply Chain, Logistics, ERP",https://example.com/supplychain-portfolio
"EdTech, Online Learning, LMS Development",https://example.com/edtech-portfolio
"HealthTech, Medical AI, Wearable Tech",https://example.com/healthtech-portfolio
"Graphic Design, UI/UX, Figma, Adobe XD",https://example.com/design-portfolio
"Marketing, Digital Marketing, Growth Hacking",https://example.com/marketing-portfolio
"Content Creation, Blogging, SEO",https://example.com/content-portfolio
"Technical Writing, Documentation, API Writing",https://example.com/techwriting-portfolio
"Legal Tech, Compliance, Contracts",https://example.com/legaltech-portfolio
"Agritech, Precision Farming, GIS",https://example.com/agritech-portfolio
"Energy, Renewable Energy, Smart Grids",https://example.com/energy-portfolio
"AR/VR, 3D Modeling, Metaverse",https://example.com/arvr-portfolio
"Sales, CRM, Customer Success",https://example.com/sales-portfolio
"E-commerce, Shopify, Dropshipping",https://example.com/ecommerce-portfolio
"Traditional and Online Marketing Strategy",https://example.com/marketing-strategy-portfolio
"Digital Advertising Product Areas",https://example.com/digital-ads-portfolio
"Analytical Skills",https://example.com/analytics-portfolio
"Strategic Thinking",https://example.com/strategy-portfolio
"Project Management",https://example.com/projectmanagement-portfolio
"Leadership and Mentoring",https://example.com/leadership-portfolio
"Communication Skills",https://example.com/communication-portfolio
"Relationship-Building Skills",https://example.com/relationship-portfolio
"Local Market Knowledge",https://example.com/localmarket-portfolio
